{"weights/mean_mean":6.202279571291857e-06,"model/total_params":203681280,"train/epoch":0.99991552,"_step":6103,"activations/mean":-8.768075942993164,"model/trainable_params":203681280,"train/tokens_seen":99991552,"weights/norm_mean":38.67534887089449,"train/learning_rate":0,"activations/min":-26.75,"sparsity/anneal_progress":1,"model/embedding_params":51463168,"sparsity/total_sparse_params":203589632,"activations/max_mean":0.5352509617805481,"sparsity/sharkfin_lr_multiplier":8,"sparsity/target_l0_fraction":0.015625,"train/step":6103,"sparsity/actual_nonzero_params":3181088,"_wandb":{"runtime":1116},"model/mlp_params":67149824,"model/attention_params":33587712,"sparsity/actual_l0_fraction":0.015625,"activations/std":2.3012921810150146,"activations/max":24.125,"_runtime":1116.596374962,"sparsity/current_l0_fraction":0.015625,"activations/entropy":2.0689496994018555,"train/grad_rms":3.490312436928118e-05,"activations/perplexity":7.679053181300054,"train/perplexity":7.679053181300054,"train/loss":2.038496255874634,"_timestamp":1.765607578652701e+09,"train/tokens_per_sec":89981.85633973412,"weights/std_mean":0.018102372996509075}