{"activations/entropy":4.223166465759277,"sparsity/actual_nonzero_params":23431524,"weights/std_mean":0.03732008015846505,"train/perplexity":88.25769160379974,"activations/std":1.5777822732925415,"_step":2765,"activations/max":16.25,"sparsity/total_sparse_params":203663872,"train/grad_rms":9.462874851959567e-05,"activations/max_mean":0.24401849508285522,"_timestamp":1.7656064545907013e+09,"train/learning_rate":0.007071565706719629,"activations/min":-19.75,"activations/mean":-6.933647155761719,"train/tokens_seen":45301760,"model/total_params":203681280,"model/mlp_params":67149824,"train/epoch":0.4530176,"activations/perplexity":88.25769160379974,"train/step":2765,"_wandb":{"runtime":519},"sparsity/sharkfin_lr_multiplier":2.9524234251622383,"train/tokens_per_sec":87910.8993121711,"model/embedding_params":51463168,"model/trainable_params":203681280,"_runtime":519.541589399,"sparsity/current_l0_fraction":0.11472094481605355,"sparsity/actual_l0_fraction":0.11504997803439582,"sparsity/target_l0_fraction":0.015625,"sparsity/anneal_progress":0.8993311036789298,"model/attention_params":33587712,"weights/mean_mean":-5.065420103111297e-05,"train/loss":4.480260848999023,"weights/norm_mean":70.92282811333152}