{"_runtime":1123.376843648,"sparsity/target_l0_fraction":0.015625,"activations/max":15.3125,"activations/mean":-0.02902928926050663,"activations/entropy":5.247244834899902,"_wandb":{"runtime":1123},"sparsity/current_l0_fraction":0.015625,"train/epoch":0.99991552,"weights/mean_mean":-1.668470544908159e-07,"sparsity/total_sparse_params":203663872,"sparsity/actual_l0_fraction":0.015625,"train/tokens_seen":99991552,"sparsity/anneal_progress":1,"model/total_params":203681280,"train/perplexity":142.79629519120988,"model/trainable_params":203681280,"sparsity/actual_nonzero_params":3182248,"activations/perplexity":142.79629519120988,"model/mlp_params":67149824,"_step":6103,"activations/std":1.0001295804977417,"activations/min":-11.5,"weights/std_mean":0.00016326266578583232,"train/grad_rms":0.00012953392128932205,"train/loss":4.961419105529785,"activations/max_mean":0.16941320896148682,"model/embedding_params":51463168,"train/tokens_per_sec":89657.79936351407,"sparsity/sharkfin_lr_multiplier":8,"train/step":6103,"weights/norm_mean":0.41914449952641647,"model/attention_params":33587712,"train/learning_rate":0,"_timestamp":1.765605784805928e+09}