{"weights/norm_mean":0.40285840590996874,"weights/mean_mean":-7.523732025943003e-08,"train/tokens_seen":99991552,"activations/perplexity":146.05914612017844,"model/trainable_params":2729447329,"activations/entropy":5.293703556060791,"activations/max_mean":0.16632774472236633,"train/loss":4.984011650085449,"activations/min":-12.4375,"sparsity/actual_l0_fraction":0.015625,"model/total_params":2729447329,"weights/std_mean":0.00015044579282318235,"train/step":6103,"_runtime":1741.051295804,"sparsity/current_l0_fraction":0.015625,"sparsity/sharkfin_lr_multiplier":8,"_wandb":{"runtime":1741},"model/mlp_params":67149824,"train/tokens_per_sec":59060.54834553206,"train/grad_rms":3.1531017523135185e-05,"_timestamp":1.7656031763943002e+09,"train/learning_rate":0,"sparsity/anneal_progress":1,"activations/mean":-0.03712370991706848,"sparsity/target_l0_fraction":0.015625,"sparsity/total_sparse_params":203663872,"model/attention_params":33587712,"activations/max":15.312644958496094,"train/epoch":0.99991552,"activations/std":0.9953812956809998,"sparsity/actual_nonzero_params":3182248,"_step":6103,"model/embedding_params":51463168,"train/perplexity":146.05914612017844}